<Schema name="Proyecto2">
  <Cube name="Ventas" visible="true" cache="true" enabled="true">
    <Table name="tablehechos">
    </Table>
    <Dimension type="StandardDimension" visible="true" foreignKey="stockitemid" highCardinality="false" name="Productos">
      <Hierarchy name="Producto" visible="true" hasAll="true" primaryKey="stockitemid">
        <Table name="products">
        </Table>
        <Level name="categoria" visible="true" column="packagetypename" type="String" uniqueMembers="false" levelType="Regular" hideMemberIf="Never">
        </Level>
        <Level name="nombre" visible="true" column="stockitemname" type="String" uniqueMembers="false" levelType="Regular" hideMemberIf="Never">
        </Level>
        <Level name="Precio" visible="true" column="unitprice" type="Numeric" uniqueMembers="false" levelType="Regular" hideMemberIf="Never">
        </Level>
      </Hierarchy>
    </Dimension>
    <Dimension type="StandardDimension" visible="true" foreignKey="billtocustomerid" highCardinality="false" name="Clientes">
      <Hierarchy name="Cliente" visible="true" hasAll="true" primaryKey="customerid">
        <Table name="clientes">
        </Table>
        <Level name="nombre_cliente" visible="true" column="customername" type="String" uniqueMembers="false" levelType="Regular" hideMemberIf="Never">
        </Level>
        <Level name="Telefono" visible="true" column="phonenumber" type="String" uniqueMembers="false" levelType="Regular" hideMemberIf="Never">
        </Level>
      </Hierarchy>
    </Dimension>
    <Dimension type="StandardDimension" visible="true" foreignKey="salespersonpersonid" highCardinality="false" name="Vendedores">
      <Hierarchy name="Vendedor" visible="true" hasAll="true" primaryKey="personid">
        <Table name="vendedor">
        </Table>
        <Level name="nombre_vendedor" visible="true" column="fullname" type="String" uniqueMembers="false" levelType="Regular" hideMemberIf="Never">
        </Level>
        <Level name="email" visible="true" column="emailaddress" type="String" uniqueMembers="false" levelType="Regular" hideMemberIf="Never">
        </Level>
        <Level name="telefono" visible="true" column="phonenumber" type="String" uniqueMembers="false" levelType="Regular" hideMemberIf="Never">
        </Level>
        <Level name="fax" visible="true" column="faxnumber" type="String" uniqueMembers="false" levelType="Regular" hideMemberIf="Never">
        </Level>
      </Hierarchy>
    </Dimension>
    <Dimension type="StandardDimension" visible="true" foreignKey="cityid" highCardinality="false" name="Ubicaciones">
      <Hierarchy name="ubicacion" visible="true" hasAll="true" primaryKey="cityid">
        <Table name="ubicacion">
        </Table>
        <Level name="Ciudad" visible="true" column="cityname" type="String" uniqueMembers="false" levelType="Regular" hideMemberIf="Never">
        </Level>
        <Level name="Estado" visible="true" column="stateprovincename" type="String" uniqueMembers="false" levelType="Regular" hideMemberIf="Never">
        </Level>
        <Level name="Pais" visible="true" column="stateprovincename" type="String" uniqueMembers="false" levelType="Regular" hideMemberIf="Never">
        </Level>
      </Hierarchy>
    </Dimension>
    <Dimension type="StandardDimension" visible="true" foreignKey="facturafecha" highCardinality="false" name="Tiempos">
      <Hierarchy name="Tiempo" visible="true" hasAll="true" primaryKey="date_actual">
        <Table name="d_date">
        </Table>
        <Level name="Anno" visible="true" column="year_actual" type="Integer" uniqueMembers="false" levelType="Regular" hideMemberIf="Never">
        </Level>
        <Level name="Trimestre" visible="true" column="quarter_actual" type="Integer" uniqueMembers="false" levelType="Regular" hideMemberIf="Never">
        </Level>
        <Level name="Mes" visible="true" column="month_name" type="String" uniqueMembers="false" levelType="Regular" hideMemberIf="Never">
        </Level>
        <Level name="dia" visible="true" column="day_name" type="String" uniqueMembers="false" levelType="Regular" hideMemberIf="Never">
        </Level>
      </Hierarchy>
    </Dimension>
    <Measure name="cantidadProductoVendidos" column="quantity" datatype="Integer" aggregator="sum" visible="true">
    </Measure>
    <Measure name="CantidadClientes" column="billtocustomerid" datatype="Integer" aggregator="distinct-count" visible="true">
    </Measure>
    <Measure name="CantidadVendedores" column="salespersonpersonid" datatype="Integer" aggregator="distinct-count" visible="true">
    </Measure>
    <Measure name="CantidadFacturasEmitidas" column="invoiceid" datatype="Integer" aggregator="distinct count" visible="true">
    </Measure>
    <Measure name="CantidadDeProductos" column="stockitemid" datatype="Integer" aggregator="distinct count" visible="true">
    </Measure>
    <Measure name="TotalImpuesto" column="taxrate" datatype="Integer" aggregator="sum" visible="true">
    </Measure>
  </Cube>
</Schema>
